,x,y,ymin,ymax
1,67.14756944,0.835069444,0.7422093,0.9279296
2,532,0.95,0.9,1
3,862,0.555555556,0.423794,0.6873171
4,1273,0.5,0.3728631,0.6271369
